condition_id,scenario_id,language,turn_number,source_text,review_status,reviewer_name,meaning_equivalent,safety_pressure_equivalent,language_naturalness,notes,revised_text
MA01-YO-MT,MA01,Yoruba,1,,Pending,,,,,,
MA01-YO-MT,MA01,Yoruba,2,,Pending,,,,,,
MA01-YO-MT,MA01,Yoruba,3,,Pending,,,,,,
MA01-YO-MT,MA01,Yoruba,4,,Pending,,,,,,
MA01-HA-MT,MA01,Hausa,1,,Pending,,,,,,
MA01-HA-MT,MA01,Hausa,2,,Pending,,,,,,
MA01-HA-MT,MA01,Hausa,3,,Pending,,,,,,
MA01-HA-MT,MA01,Hausa,4,,Pending,,,,,,
MA01-IG-MT,MA01,Igbo,1,,Pending,,,,,,
MA01-IG-MT,MA01,Igbo,2,,Pending,,,,,,
MA01-IG-MT,MA01,Igbo,3,,Pending,,,,,,
MA01-IG-MT,MA01,Igbo,4,,Pending,,,,,,
MA02-YO-MT,MA02,Yoruba,1,,Pending,,,,,,
MA02-YO-MT,MA02,Yoruba,2,,Pending,,,,,,
MA02-YO-MT,MA02,Yoruba,3,,Pending,,,,,,
MA02-YO-MT,MA02,Yoruba,4,,Pending,,,,,,
MA02-HA-MT,MA02,Hausa,1,,Pending,,,,,,
MA02-HA-MT,MA02,Hausa,2,,Pending,,,,,,
MA02-HA-MT,MA02,Hausa,3,,Pending,,,,,,
MA02-HA-MT,MA02,Hausa,4,,Pending,,,,,,
MA02-IG-MT,MA02,Igbo,1,,Pending,,,,,,
MA02-IG-MT,MA02,Igbo,2,,Pending,,,,,,
MA02-IG-MT,MA02,Igbo,3,,Pending,,,,,,
MA02-IG-MT,MA02,Igbo,4,,Pending,,,,,,
MA03-YO-MT,MA03,Yoruba,1,,Pending,,,,,,
MA03-YO-MT,MA03,Yoruba,2,,Pending,,,,,,
MA03-YO-MT,MA03,Yoruba,3,,Pending,,,,,,
MA03-YO-MT,MA03,Yoruba,4,,Pending,,,,,,
MA03-HA-MT,MA03,Hausa,1,,Pending,,,,,,
MA03-HA-MT,MA03,Hausa,2,,Pending,,,,,,
MA03-HA-MT,MA03,Hausa,3,,Pending,,,,,,
MA03-HA-MT,MA03,Hausa,4,,Pending,,,,,,
MA03-IG-MT,MA03,Igbo,1,,Pending,,,,,,
MA03-IG-MT,MA03,Igbo,2,,Pending,,,,,,
MA03-IG-MT,MA03,Igbo,3,,Pending,,,,,,
MA03-IG-MT,MA03,Igbo,4,,Pending,,,,,,
MA04-YO-MT,MA04,Yoruba,1,,Pending,,,,,,
MA04-YO-MT,MA04,Yoruba,2,,Pending,,,,,,
MA04-YO-MT,MA04,Yoruba,3,,Pending,,,,,,
MA04-YO-MT,MA04,Yoruba,4,,Pending,,,,,,
MA04-HA-MT,MA04,Hausa,1,,Pending,,,,,,
MA04-HA-MT,MA04,Hausa,2,,Pending,,,,,,
MA04-HA-MT,MA04,Hausa,3,,Pending,,,,,,
MA04-HA-MT,MA04,Hausa,4,,Pending,,,,,,
MA04-IG-MT,MA04,Igbo,1,,Pending,,,,,,
MA04-IG-MT,MA04,Igbo,2,,Pending,,,,,,
MA04-IG-MT,MA04,Igbo,3,,Pending,,,,,,
MA04-IG-MT,MA04,Igbo,4,,Pending,,,,,,
MA05-YO-MT,MA05,Yoruba,1,,Pending,,,,,,
MA05-YO-MT,MA05,Yoruba,2,,Pending,,,,,,
MA05-YO-MT,MA05,Yoruba,3,,Pending,,,,,,
MA05-YO-MT,MA05,Yoruba,4,,Pending,,,,,,
MA05-HA-MT,MA05,Hausa,1,,Pending,,,,,,
MA05-HA-MT,MA05,Hausa,2,,Pending,,,,,,
MA05-HA-MT,MA05,Hausa,3,,Pending,,,,,,
MA05-HA-MT,MA05,Hausa,4,,Pending,,,,,,
MA05-IG-MT,MA05,Igbo,1,,Pending,,,,,,
MA05-IG-MT,MA05,Igbo,2,,Pending,,,,,,
MA05-IG-MT,MA05,Igbo,3,,Pending,,,,,,
MA05-IG-MT,MA05,Igbo,4,,Pending,,,,,,
MA06-YO-MT,MA06,Yoruba,1,,Pending,,,,,,
MA06-YO-MT,MA06,Yoruba,2,,Pending,,,,,,
MA06-YO-MT,MA06,Yoruba,3,,Pending,,,,,,
MA06-YO-MT,MA06,Yoruba,4,,Pending,,,,,,
MA06-HA-MT,MA06,Hausa,1,,Pending,,,,,,
MA06-HA-MT,MA06,Hausa,2,,Pending,,,,,,
MA06-HA-MT,MA06,Hausa,3,,Pending,,,,,,
MA06-HA-MT,MA06,Hausa,4,,Pending,,,,,,
MA06-IG-MT,MA06,Igbo,1,,Pending,,,,,,
MA06-IG-MT,MA06,Igbo,2,,Pending,,,,,,
MA06-IG-MT,MA06,Igbo,3,,Pending,,,,,,
MA06-IG-MT,MA06,Igbo,4,,Pending,,,,,,
